book_id,title,author,publication_date
1,Integrated web-enabled hierarchy,Tanner Mills,2018-09-02
2,User-friendly needs-based interface,Ms. Sheila Vega,2018-06-01
3,Horizontal value-added Internet solution,Cheryl Scott,2014-08-27
4,Team-oriented global infrastructure,Martha Rodriguez,2020-12-30
5,Switchable impactful architecture,Tyler Cowan,2014-06-04
6,Multi-channeled reciprocal encryption,Angela Cline,2022-12-20
7,Re-engineered global flexibility,Sean Myers,2023-04-21
8,Streamlined impactful encryption,Melissa Phelps,2022-10-19
9,Networked well-modulated benchmark,Stephanie Holland,2017-06-20
10,User-friendly needs-based hierarchy,Brandon Schmidt,2014-01-27
11,Enhanced 24/7 success,Justin Lamb,2018-08-05
12,Balanced hybrid portal,David Jones,2022-04-18
13,Stand-alone 3rdgeneration projection,James Sheppard,2013-09-28
14,Extended radical solution,Kelsey Gray,2013-10-08
15,Re-engineered 6thgeneration installation,Travis Nielsen,2014-05-02
16,Universal national architecture,Joshua Frey,2022-10-04
17,Mandatory context-sensitive time-frame,Suzanne Thomas,2014-04-19
18,Versatile analyzing workforce,Robyn Martin,2014-07-22
19,Future-proofed systemic definition,James Calhoun,2017-11-16
20,Team-oriented system-worthy open architecture,Daniel Love,2015-05-29
21,Right-sized fault-tolerant infrastructure,Hannah Nichols,2020-04-21
22,Mandatory modular standardization,Tamara King,2016-11-03
23,Function-based directional approach,Mrs. Amy Kline,2022-03-05
24,Function-based incremental archive,Larry Nunez,2014-12-26
25,User-friendly upward-trending software,Carol Wong,2016-04-29
26,Customizable bifurcated interface,Tina Henry,2014-06-23
27,Customizable solution-oriented standardization,Katherine Lewis,2016-04-07
28,Stand-alone composite benchmark,Kayla Downs,2019-02-21
29,Fundamental asymmetric productivity,Jeffery Rivera,2016-02-14
30,Expanded grid-enabled paradigm,Monique Wagner,2023-02-10
31,Automated foreground installation,Jennifer Stephenson,2023-03-13
32,Quality-focused neutral neural-net,Peter Thompson,2016-02-27
33,Multi-channeled foreground benchmark,James Bennett,2014-05-20
34,Devolved solution-oriented knowledge user,Joseph Burton,2015-07-16
35,Pre-emptive motivating attitude,Jasmine Griffin,2013-08-27
36,Automated high-level model,Lorraine Bauer,2018-06-29
37,Proactive even-keeled access,Lauren Harris,2018-01-29
38,Adaptive mobile leverage,Monica Holt,2019-10-04
39,Operative homogeneous alliance,Roberto Johnson,2013-10-29
40,Organic responsive benchmark,Lisa White,2019-05-12
41,User-centric bifurcated strategy,Xavier Alvarez,2023-05-07
42,Multi-tiered explicit secured line,Leah Smith,2018-08-19
43,Right-sized motivating methodology,Michael Harper,2016-07-01
44,Function-based upward-trending solution,Jeffrey Miller,2018-10-02
45,Face-to-face motivating protocol,James Rice,2013-12-06
46,User-friendly intangible matrix,Nicole Branch,2018-06-26
47,Secured uniform instruction set,James Anderson,2016-04-06
48,Front-line client-server forecast,Jerome Jackson,2020-05-14
49,Customer-focused well-modulated flexibility,Tony Taylor,2017-06-18
50,Ergonomic maximized complexity,Meghan Mccoy,2017-01-17
51,Sharable modular alliance,Michelle Wilson,2014-03-03
52,Function-based asynchronous emulation,Katherine Wood,2013-12-07
53,Ameliorated full-range solution,Jessica Cardenas,2013-10-03
54,Object-based holistic model,Nicolas Lowery,2013-09-15
55,Quality-focused 5thgeneration knowledgebase,Jessica Webster,2018-11-17
56,Front-line bifurcated implementation,Robert Simpson,2017-04-20
57,Multi-tiered 6thgeneration groupware,Christian Norton,2018-04-01
58,Re-engineered actuating initiative,Steven Franco,2013-09-21
59,Virtual dynamic application,Breanna Banks,2020-08-26
60,Exclusive grid-enabled forecast,Guy Williams,2019-03-23
61,Intuitive multi-tasking software,Allison Jones,2014-07-08
62,Seamless 24hour moratorium,Michael Paul,2017-06-17
63,User-centric maximized array,Rodney Mercer,2023-02-16
64,Pre-emptive empowering website,Derek Castillo,2016-04-09
65,Optimized user-facing task-force,Linda Baker,2016-11-16
66,Versatile scalable system engine,Kyle Rhodes,2020-10-27
67,Customer-focused cohesive interface,Lynn Wilson,2018-07-11
68,Upgradable high-level throughput,Richard Bell,2022-08-15
69,Expanded needs-based methodology,Christina Lewis,2021-09-09
70,Synergized maximized archive,Marcia Williams,2021-09-12
71,Business-focused upward-trending functionalities,Eric Mccall,2016-11-20
72,Fundamental eco-centric solution,Shawn Dudley,2014-06-27
73,Re-contextualized client-server Graphic Interface,Mitchell Peck,2023-01-07
74,Operative demand-driven standardization,Christopher Williams,2019-11-22
75,Object-based exuding encryption,Brenda Pratt,2021-11-24
76,Customizable clear-thinking contingency,Jonathan Shaffer,2022-01-19
77,Organized fresh-thinking standardization,Stacy Nichols,2019-01-24
78,Adaptive 24hour instruction set,Joseph Wilson,2018-10-07
79,Customizable web-enabled project,Dr. Patricia Foster,2020-10-18
80,Persistent modular toolset,Stephanie Willis,2015-07-25
81,Reduced impactful implementation,Alexander Taylor,2013-12-23
82,Implemented next generation customer loyalty,Tammy Compton,2014-08-24
83,Fundamental leadingedge portal,Barbara Francis,2019-02-24
84,Multi-tiered high-level artificial intelligence,Elizabeth Brewer,2018-12-22
85,Balanced executive time-frame,Kevin Patton III,2015-10-20
86,Universal impactful intranet,Edgar Greene,2015-02-19
87,Exclusive client-server emulation,Kristina Webb,2015-11-19
88,Realigned object-oriented hierarchy,Timothy Bowen,2021-07-10
89,Customizable dedicated model,Alexis Hammond,2021-09-24
90,Diverse even-keeled knowledge user,Matthew Lewis,2020-01-31
91,Monitored real-time structure,Melissa Swanson,2020-11-16
92,Exclusive background leverage,Sean Green,2014-11-08
93,Re-engineered directional info-mediaries,Jaclyn Harper,2013-07-17
94,Open-architected zero administration groupware,Danielle Lucas,2023-01-01
95,Future-proofed reciprocal protocol,Tara Kidd,2013-10-18
96,Extended 24/7 capacity,Ashley Coleman,2019-01-23
97,Function-based holistic initiative,Amanda Welch,2021-10-27
98,Reverse-engineered fresh-thinking encryption,Virginia Rogers,2020-07-01
99,Phased intangible challenge,Daniel Gross,2016-06-27
100,Self-enabling 24/7 Graphic Interface,Meghan Smith,2023-01-06
