borrower_id,name,email
1,Jennifer Gregory,fosterrobert@example.com
2,Adam Hardy,colin26@example.com
3,Jason Mclaughlin,angela49@example.net
4,Diana Espinoza,nixonnathan@example.com
5,Jennifer Moreno,stevenjacobs@example.net
6,James Mcclure,mhancock@example.com
7,Joshua Morales,sara71@example.net
8,Justin Daniels,alexander31@example.net
9,Leslie Delacruz,aaron57@example.net
10,Kevin Summers,walterterrance@example.net
11,Jamie Jennings,lisacarson@example.org
12,Maria Oconnor,sawyerjim@example.net
13,Tiffany Marshall,lowemichael@example.org
14,David Bailey,daniellestewart@example.org
15,Elizabeth Dougherty,williambell@example.net
16,Erica Best,vholland@example.com
17,Tyler Fernandez,amy70@example.com
18,Richard Thomas,christopher65@example.com
19,Sarah Barnes,wesley39@example.net
20,Heidi Eaton,nicolesmith@example.net
21,Justin Graves,hollandryan@example.net
22,Connie Phillips,asmith@example.net
23,Benjamin Cunningham,jenkinskristen@example.com
24,Charles Bullock,natasha31@example.net
25,Taylor Knight,elizabeth22@example.com
26,Monica White,carmen06@example.org
27,Anthony Patterson,jonathanlong@example.net
28,Vincent Henry,griffinmegan@example.net
29,Anthony Anderson,tbarber@example.com
30,Jennifer Aguirre,samantha04@example.net
31,Tiffany Jones,marydennis@example.net
32,Nicholas Richardson,dcamacho@example.net
33,Sandra Cook,elambert@example.com
34,Melanie Williams,samantha68@example.org
35,Anthony Long,sandersrodney@example.org
36,Jose Cannon,derek00@example.org
37,Michael Sanchez,patriciaford@example.com
38,Cassandra Freeman,yglover@example.com
39,Brittany Jones,pittmanshannon@example.com
40,Angela Hayes,vbaldwin@example.org
41,Amanda Fischer,tracyfitzgerald@example.net
42,Christian Price,blarsen@example.net
43,Christopher Mendez,wsalas@example.net
44,Rhonda Jennings,uharris@example.org
45,Robert Ortiz,rmorris@example.net
46,Jennifer Jarvis,elizabethjohnson@example.org
47,Jennifer Barber,richardvazquez@example.net
48,Benjamin Gardner,codysimmons@example.org
49,Madison Lewis,ujensen@example.org
50,Julie Willis,anthonyanderson@example.org
51,Jeremiah Perez,rhess@example.org
52,Haley Odonnell,miranda66@example.com
53,Renee Smith,franklintodd@example.net
54,Erika Johnson,jimmyfox@example.net
55,Kenneth Miller,carnold@example.org
56,Jamie Navarro,sarah56@example.com
57,Alexis Guzman,mary03@example.org
58,James Foster,marshallbrittney@example.org
59,James Mckinney,meredith89@example.org
60,Laurie Barnett,barnettshane@example.org
61,Paul Blake,tiffany21@example.org
62,William Lowery,ypena@example.org
63,David Marshall,janetmoore@example.org
64,Brian Perry,michaelingram@example.com
65,Melanie Hutchinson,psmith@example.net
66,Benjamin Caldwell,julia74@example.org
67,William Hester,ywhite@example.net
68,Haley Morrison,jessica38@example.org
69,Jennifer Russo,jgutierrez@example.org
70,Jill Clayton,melissa29@example.org
71,Sheila Flores,singletonandrew@example.com
72,Holly Kelly,herrerafrank@example.com
73,Derrick Neal,julia38@example.net
74,John Wood,cathy30@example.org
75,Michael Silva,christy14@example.net
76,Jeffrey Gillespie,scottevelyn@example.com
77,John Harper,lgomez@example.org
78,Mark Shaw,scottknight@example.net
79,Sharon Martin,edward32@example.org
80,Dennis Galvan,lanejeffrey@example.net
81,Daniel Fisher,elizabethcain@example.net
82,Abigail Gallagher,gregorywilson@example.net
83,Eric Olson,syoung@example.com
84,Allison Williams,ffitzgerald@example.net
85,Scott Rivera DDS,dianadean@example.org
86,Michele Morgan,gonzaleznicholas@example.net
87,Matthew Lewis,orosales@example.net
88,Bruce Morales,munozkimberly@example.com
89,Robin Barrett,charlesmiller@example.org
90,Christopher Hernandez,mjenkins@example.com
91,Daniel Austin,carterkatherine@example.com
92,Matthew Reyes,hillnathan@example.org
93,John Thomas,baldwinthomas@example.net
94,Kenneth Craig,cjones@example.net
95,Diana Rosario,ebrown@example.org
96,Michael Lee,vsutton@example.com
97,Jesus Walker,jameshayes@example.org
98,Shane Foley,thomas29@example.net
99,James Lewis,jasonnewton@example.net
100,Joseph Johnson,donrogers@example.net
